--
-- PostgreSQL database dump
--

\restrict ZRPY06fGVKWme1W8ltgyy9q4zysydNVW8kjPn1CP7LdQiMaZMTMbFvge6zgV8df

-- Dumped from database version 14.20 (Ubuntu 14.20-0ubuntu0.22.04.1)
-- Dumped by pg_dump version 14.20 (Ubuntu 14.20-0ubuntu0.22.04.1)

SET statement_timeout = 0;
SET lock_timeout = 0;
SET idle_in_transaction_session_timeout = 0;
SET client_encoding = 'UTF8';
SET standard_conforming_strings = on;
SELECT pg_catalog.set_config('search_path', '', false);
SET check_function_bodies = false;
SET xmloption = content;
SET client_min_messages = warning;
SET row_security = off;

SET default_tablespace = '';

SET default_table_access_method = heap;

--
-- Name: appointments; Type: TABLE; Schema: public; Owner: jester
--

CREATE TABLE public.appointments (
    id bigint NOT NULL,
    date date NOT NULL,
    start_time time without time zone NOT NULL,
    created_at timestamp with time zone NOT NULL,
    customer_id bigint NOT NULL,
    status character varying(4) NOT NULL,
    amount_paid numeric(10,2) NOT NULL,
    payment_status character varying(10) NOT NULL
);


ALTER TABLE public.appointments OWNER TO jester;

--
-- Name: appointments_id_seq; Type: SEQUENCE; Schema: public; Owner: jester
--

ALTER TABLE public.appointments ALTER COLUMN id ADD GENERATED BY DEFAULT AS IDENTITY (
    SEQUENCE NAME public.appointments_id_seq
    START WITH 1
    INCREMENT BY 1
    NO MINVALUE
    NO MAXVALUE
    CACHE 1
);


--
-- Name: appointments_services; Type: TABLE; Schema: public; Owner: jester
--

CREATE TABLE public.appointments_services (
    id bigint NOT NULL,
    appointment_id bigint NOT NULL,
    service_id bigint NOT NULL
);


ALTER TABLE public.appointments_services OWNER TO jester;

--
-- Name: appointments_services_id_seq; Type: SEQUENCE; Schema: public; Owner: jester
--

ALTER TABLE public.appointments_services ALTER COLUMN id ADD GENERATED BY DEFAULT AS IDENTITY (
    SEQUENCE NAME public.appointments_services_id_seq
    START WITH 1
    INCREMENT BY 1
    NO MINVALUE
    NO MAXVALUE
    CACHE 1
);


--
-- Name: auth_group; Type: TABLE; Schema: public; Owner: jester
--

CREATE TABLE public.auth_group (
    id integer NOT NULL,
    name character varying(150) NOT NULL
);


ALTER TABLE public.auth_group OWNER TO jester;

--
-- Name: auth_group_id_seq; Type: SEQUENCE; Schema: public; Owner: jester
--

ALTER TABLE public.auth_group ALTER COLUMN id ADD GENERATED BY DEFAULT AS IDENTITY (
    SEQUENCE NAME public.auth_group_id_seq
    START WITH 1
    INCREMENT BY 1
    NO MINVALUE
    NO MAXVALUE
    CACHE 1
);


--
-- Name: auth_group_permissions; Type: TABLE; Schema: public; Owner: jester
--

CREATE TABLE public.auth_group_permissions (
    id bigint NOT NULL,
    group_id integer NOT NULL,
    permission_id integer NOT NULL
);


ALTER TABLE public.auth_group_permissions OWNER TO jester;

--
-- Name: auth_group_permissions_id_seq; Type: SEQUENCE; Schema: public; Owner: jester
--

ALTER TABLE public.auth_group_permissions ALTER COLUMN id ADD GENERATED BY DEFAULT AS IDENTITY (
    SEQUENCE NAME public.auth_group_permissions_id_seq
    START WITH 1
    INCREMENT BY 1
    NO MINVALUE
    NO MAXVALUE
    CACHE 1
);


--
-- Name: auth_permission; Type: TABLE; Schema: public; Owner: jester
--

CREATE TABLE public.auth_permission (
    id integer NOT NULL,
    name character varying(255) NOT NULL,
    content_type_id integer NOT NULL,
    codename character varying(100) NOT NULL
);


ALTER TABLE public.auth_permission OWNER TO jester;

--
-- Name: auth_permission_id_seq; Type: SEQUENCE; Schema: public; Owner: jester
--

ALTER TABLE public.auth_permission ALTER COLUMN id ADD GENERATED BY DEFAULT AS IDENTITY (
    SEQUENCE NAME public.auth_permission_id_seq
    START WITH 1
    INCREMENT BY 1
    NO MINVALUE
    NO MAXVALUE
    CACHE 1
);


--
-- Name: authtoken_token; Type: TABLE; Schema: public; Owner: jester
--

CREATE TABLE public.authtoken_token (
    key character varying(40) NOT NULL,
    created timestamp with time zone NOT NULL,
    user_id bigint NOT NULL
);


ALTER TABLE public.authtoken_token OWNER TO jester;

--
-- Name: django_admin_log; Type: TABLE; Schema: public; Owner: jester
--

CREATE TABLE public.django_admin_log (
    id integer NOT NULL,
    action_time timestamp with time zone NOT NULL,
    object_id text,
    object_repr character varying(200) NOT NULL,
    action_flag smallint NOT NULL,
    change_message text NOT NULL,
    content_type_id integer,
    user_id bigint NOT NULL,
    CONSTRAINT django_admin_log_action_flag_check CHECK ((action_flag >= 0))
);


ALTER TABLE public.django_admin_log OWNER TO jester;

--
-- Name: django_admin_log_id_seq; Type: SEQUENCE; Schema: public; Owner: jester
--

ALTER TABLE public.django_admin_log ALTER COLUMN id ADD GENERATED BY DEFAULT AS IDENTITY (
    SEQUENCE NAME public.django_admin_log_id_seq
    START WITH 1
    INCREMENT BY 1
    NO MINVALUE
    NO MAXVALUE
    CACHE 1
);


--
-- Name: django_content_type; Type: TABLE; Schema: public; Owner: jester
--

CREATE TABLE public.django_content_type (
    id integer NOT NULL,
    app_label character varying(100) NOT NULL,
    model character varying(100) NOT NULL
);


ALTER TABLE public.django_content_type OWNER TO jester;

--
-- Name: django_content_type_id_seq; Type: SEQUENCE; Schema: public; Owner: jester
--

ALTER TABLE public.django_content_type ALTER COLUMN id ADD GENERATED BY DEFAULT AS IDENTITY (
    SEQUENCE NAME public.django_content_type_id_seq
    START WITH 1
    INCREMENT BY 1
    NO MINVALUE
    NO MAXVALUE
    CACHE 1
);


--
-- Name: django_migrations; Type: TABLE; Schema: public; Owner: jester
--

CREATE TABLE public.django_migrations (
    id bigint NOT NULL,
    app character varying(255) NOT NULL,
    name character varying(255) NOT NULL,
    applied timestamp with time zone NOT NULL
);


ALTER TABLE public.django_migrations OWNER TO jester;

--
-- Name: django_migrations_id_seq; Type: SEQUENCE; Schema: public; Owner: jester
--

ALTER TABLE public.django_migrations ALTER COLUMN id ADD GENERATED BY DEFAULT AS IDENTITY (
    SEQUENCE NAME public.django_migrations_id_seq
    START WITH 1
    INCREMENT BY 1
    NO MINVALUE
    NO MAXVALUE
    CACHE 1
);


--
-- Name: django_session; Type: TABLE; Schema: public; Owner: jester
--

CREATE TABLE public.django_session (
    session_key character varying(40) NOT NULL,
    session_data text NOT NULL,
    expire_date timestamp with time zone NOT NULL
);


ALTER TABLE public.django_session OWNER TO jester;

--
-- Name: offered_services_openinghour; Type: TABLE; Schema: public; Owner: jester
--

CREATE TABLE public.offered_services_openinghour (
    id bigint NOT NULL,
    day_of_week integer NOT NULL,
    date_start date,
    date_end date,
    start_hour time without time zone NOT NULL,
    end_hour time without time zone NOT NULL
);


ALTER TABLE public.offered_services_openinghour OWNER TO jester;

--
-- Name: offered_services_openinghour_id_seq; Type: SEQUENCE; Schema: public; Owner: jester
--

ALTER TABLE public.offered_services_openinghour ALTER COLUMN id ADD GENERATED BY DEFAULT AS IDENTITY (
    SEQUENCE NAME public.offered_services_openinghour_id_seq
    START WITH 1
    INCREMENT BY 1
    NO MINVALUE
    NO MAXVALUE
    CACHE 1
);


--
-- Name: payments_transaction; Type: TABLE; Schema: public; Owner: jester
--

CREATE TABLE public.payments_transaction (
    id bigint NOT NULL,
    amount numeric(10,2) NOT NULL,
    type character varying(10) NOT NULL,
    external_reference character varying(255),
    is_manual boolean NOT NULL,
    stripe_intent_id character varying(255),
    affects_wallet_balance boolean NOT NULL,
    created_at timestamp with time zone NOT NULL,
    description text NOT NULL,
    note text NOT NULL,
    appointment_id bigint,
    wallet_id bigint NOT NULL
);


ALTER TABLE public.payments_transaction OWNER TO jester;

--
-- Name: payments_transaction_id_seq; Type: SEQUENCE; Schema: public; Owner: jester
--

ALTER TABLE public.payments_transaction ALTER COLUMN id ADD GENERATED BY DEFAULT AS IDENTITY (
    SEQUENCE NAME public.payments_transaction_id_seq
    START WITH 1
    INCREMENT BY 1
    NO MINVALUE
    NO MAXVALUE
    CACHE 1
);


--
-- Name: payments_wallet; Type: TABLE; Schema: public; Owner: jester
--

CREATE TABLE public.payments_wallet (
    id bigint NOT NULL,
    balance numeric(10,2) NOT NULL,
    updated_at timestamp with time zone NOT NULL,
    user_id bigint NOT NULL
);


ALTER TABLE public.payments_wallet OWNER TO jester;

--
-- Name: payments_wallet_id_seq; Type: SEQUENCE; Schema: public; Owner: jester
--

ALTER TABLE public.payments_wallet ALTER COLUMN id ADD GENERATED BY DEFAULT AS IDENTITY (
    SEQUENCE NAME public.payments_wallet_id_seq
    START WITH 1
    INCREMENT BY 1
    NO MINVALUE
    NO MAXVALUE
    CACHE 1
);


--
-- Name: services; Type: TABLE; Schema: public; Owner: jester
--

CREATE TABLE public.services (
    id bigint NOT NULL,
    name character varying(100) NOT NULL,
    price numeric(6,2) NOT NULL,
    duration_minutes integer NOT NULL,
    active boolean NOT NULL,
    CONSTRAINT services_duration_minutes_check CHECK ((duration_minutes >= 0))
);


ALTER TABLE public.services OWNER TO jester;

--
-- Name: services_id_seq; Type: SEQUENCE; Schema: public; Owner: jester
--

ALTER TABLE public.services ALTER COLUMN id ADD GENERATED BY DEFAULT AS IDENTITY (
    SEQUENCE NAME public.services_id_seq
    START WITH 1
    INCREMENT BY 1
    NO MINVALUE
    NO MAXVALUE
    CACHE 1
);


--
-- Name: time_slots; Type: TABLE; Schema: public; Owner: jester
--

CREATE TABLE public.time_slots (
    id bigint NOT NULL,
    "time" time without time zone NOT NULL,
    active boolean NOT NULL
);


ALTER TABLE public.time_slots OWNER TO jester;

--
-- Name: time_slots_id_seq; Type: SEQUENCE; Schema: public; Owner: jester
--

ALTER TABLE public.time_slots ALTER COLUMN id ADD GENERATED BY DEFAULT AS IDENTITY (
    SEQUENCE NAME public.time_slots_id_seq
    START WITH 1
    INCREMENT BY 1
    NO MINVALUE
    NO MAXVALUE
    CACHE 1
);


--
-- Name: users; Type: TABLE; Schema: public; Owner: jester
--

CREATE TABLE public.users (
    id bigint NOT NULL,
    password character varying(128) NOT NULL,
    last_login timestamp with time zone,
    is_superuser boolean NOT NULL,
    email character varying(254) NOT NULL,
    phone character varying(30) NOT NULL,
    first_name character varying(150) NOT NULL,
    last_name character varying(150) NOT NULL,
    is_active boolean NOT NULL,
    is_staff boolean NOT NULL
);


ALTER TABLE public.users OWNER TO jester;

--
-- Name: users_groups; Type: TABLE; Schema: public; Owner: jester
--

CREATE TABLE public.users_groups (
    id bigint NOT NULL,
    users_id bigint NOT NULL,
    group_id integer NOT NULL
);


ALTER TABLE public.users_groups OWNER TO jester;

--
-- Name: users_groups_id_seq; Type: SEQUENCE; Schema: public; Owner: jester
--

ALTER TABLE public.users_groups ALTER COLUMN id ADD GENERATED BY DEFAULT AS IDENTITY (
    SEQUENCE NAME public.users_groups_id_seq
    START WITH 1
    INCREMENT BY 1
    NO MINVALUE
    NO MAXVALUE
    CACHE 1
);


--
-- Name: users_id_seq; Type: SEQUENCE; Schema: public; Owner: jester
--

ALTER TABLE public.users ALTER COLUMN id ADD GENERATED BY DEFAULT AS IDENTITY (
    SEQUENCE NAME public.users_id_seq
    START WITH 1
    INCREMENT BY 1
    NO MINVALUE
    NO MAXVALUE
    CACHE 1
);


--
-- Name: users_user_permissions; Type: TABLE; Schema: public; Owner: jester
--

CREATE TABLE public.users_user_permissions (
    id bigint NOT NULL,
    users_id bigint NOT NULL,
    permission_id integer NOT NULL
);


ALTER TABLE public.users_user_permissions OWNER TO jester;

--
-- Name: users_user_permissions_id_seq; Type: SEQUENCE; Schema: public; Owner: jester
--

ALTER TABLE public.users_user_permissions ALTER COLUMN id ADD GENERATED BY DEFAULT AS IDENTITY (
    SEQUENCE NAME public.users_user_permissions_id_seq
    START WITH 1
    INCREMENT BY 1
    NO MINVALUE
    NO MAXVALUE
    CACHE 1
);


--
-- Data for Name: appointments; Type: TABLE DATA; Schema: public; Owner: jester
--

COPY public.appointments (id, date, start_time, created_at, customer_id, status, amount_paid, payment_status) FROM stdin;
1	2026-02-28	08:30:00	2026-02-28 12:00:31.556386+01	1	PEND	0.00	UNPAID
3	2026-03-03	11:00:00	2026-02-28 12:19:31.897157+01	1	CANC	0.00	UNPAID
\.


--
-- Data for Name: appointments_services; Type: TABLE DATA; Schema: public; Owner: jester
--

COPY public.appointments_services (id, appointment_id, service_id) FROM stdin;
1	1	1
3	3	1
4	3	2
\.


--
-- Data for Name: auth_group; Type: TABLE DATA; Schema: public; Owner: jester
--

COPY public.auth_group (id, name) FROM stdin;
\.


--
-- Data for Name: auth_group_permissions; Type: TABLE DATA; Schema: public; Owner: jester
--

COPY public.auth_group_permissions (id, group_id, permission_id) FROM stdin;
\.


--
-- Data for Name: auth_permission; Type: TABLE DATA; Schema: public; Owner: jester
--

COPY public.auth_permission (id, name, content_type_id, codename) FROM stdin;
1	Can add log entry	1	add_logentry
2	Can change log entry	1	change_logentry
3	Can delete log entry	1	delete_logentry
4	Can view log entry	1	view_logentry
5	Can add permission	2	add_permission
6	Can change permission	2	change_permission
7	Can delete permission	2	delete_permission
8	Can view permission	2	view_permission
9	Can add group	3	add_group
10	Can change group	3	change_group
11	Can delete group	3	delete_group
12	Can view group	3	view_group
13	Can add content type	4	add_contenttype
14	Can change content type	4	change_contenttype
15	Can delete content type	4	delete_contenttype
16	Can view content type	4	view_contenttype
17	Can add session	5	add_session
18	Can change session	5	change_session
19	Can delete session	5	delete_session
20	Can view session	5	view_session
21	Can add Token	6	add_token
22	Can change Token	6	change_token
23	Can delete Token	6	delete_token
24	Can view Token	6	view_token
25	Can add token	7	add_tokenproxy
26	Can change token	7	change_tokenproxy
27	Can delete token	7	delete_tokenproxy
28	Can view token	7	view_tokenproxy
29	Can add users	8	add_users
30	Can change users	8	change_users
31	Can delete users	8	delete_users
32	Can view users	8	view_users
33	Can add time slot	9	add_timeslot
34	Can change time slot	9	change_timeslot
35	Can delete time slot	9	delete_timeslot
36	Can view time slot	9	view_timeslot
37	Can add appointment	10	add_appointment
38	Can change appointment	10	change_appointment
39	Can delete appointment	10	delete_appointment
40	Can view appointment	10	view_appointment
41	Can add Regola di Apertura	11	add_openinghour
42	Can change Regola di Apertura	11	change_openinghour
43	Can delete Regola di Apertura	11	delete_openinghour
44	Can view Regola di Apertura	11	view_openinghour
45	Can add service	12	add_service
46	Can change service	12	change_service
47	Can delete service	12	delete_service
48	Can view service	12	view_service
49	Can add Impostazioni Aziendali	13	add_businesssettings
50	Can change Impostazioni Aziendali	13	change_businesssettings
51	Can delete Impostazioni Aziendali	13	delete_businesssettings
52	Can view Impostazioni Aziendali	13	view_businesssettings
53	Can add Impostazioni Generali	14	add_generalsettings
54	Can change Impostazioni Generali	14	change_generalsettings
55	Can delete Impostazioni Generali	14	delete_generalsettings
56	Can view Impostazioni Generali	14	view_generalsettings
57	Can add wallet	15	add_wallet
58	Can change wallet	15	change_wallet
59	Can delete wallet	15	delete_wallet
60	Can view wallet	15	view_wallet
61	Can add transaction	16	add_transaction
62	Can change transaction	16	change_transaction
63	Can delete transaction	16	delete_transaction
64	Can view transaction	16	view_transaction
\.


--
-- Data for Name: authtoken_token; Type: TABLE DATA; Schema: public; Owner: jester
--

COPY public.authtoken_token (key, created, user_id) FROM stdin;
631aa3998316399dcd90d3e48fd12957cc2f2a86	2026-02-28 11:22:26.468336+01	1
\.


--
-- Data for Name: django_admin_log; Type: TABLE DATA; Schema: public; Owner: jester
--

COPY public.django_admin_log (id, action_time, object_id, object_repr, action_flag, change_message, content_type_id, user_id) FROM stdin;
\.


--
-- Data for Name: django_content_type; Type: TABLE DATA; Schema: public; Owner: jester
--

COPY public.django_content_type (id, app_label, model) FROM stdin;
1	admin	logentry
2	auth	permission
3	auth	group
4	contenttypes	contenttype
5	sessions	session
6	authtoken	token
7	authtoken	tokenproxy
8	login	users
9	days_hours	timeslot
10	meets	appointment
11	offered_services	openinghour
12	offered_services	service
13	settings	businesssettings
14	settings	generalsettings
15	payments	wallet
16	payments	transaction
\.


--
-- Data for Name: django_migrations; Type: TABLE DATA; Schema: public; Owner: jester
--

COPY public.django_migrations (id, app, name, applied) FROM stdin;
1	contenttypes	0001_initial	2026-02-27 22:19:13.800717+01
2	contenttypes	0002_remove_content_type_name	2026-02-27 22:19:13.811706+01
3	auth	0001_initial	2026-02-27 22:19:13.907755+01
4	auth	0002_alter_permission_name_max_length	2026-02-27 22:19:13.918375+01
5	auth	0003_alter_user_email_max_length	2026-02-27 22:19:13.93067+01
6	auth	0004_alter_user_username_opts	2026-02-27 22:19:13.945537+01
7	auth	0005_alter_user_last_login_null	2026-02-27 22:19:13.957433+01
8	auth	0006_require_contenttypes_0002	2026-02-27 22:19:13.961419+01
9	auth	0007_alter_validators_add_error_messages	2026-02-27 22:19:13.979672+01
10	auth	0008_alter_user_username_max_length	2026-02-27 22:19:13.991763+01
11	auth	0009_alter_user_last_name_max_length	2026-02-27 22:19:14.002356+01
12	auth	0010_alter_group_name_max_length	2026-02-27 22:19:14.014344+01
13	auth	0011_update_proxy_permissions	2026-02-27 22:19:14.025483+01
14	auth	0012_alter_user_first_name_max_length	2026-02-27 22:19:14.036607+01
15	login	0001_initial	2026-02-27 22:19:14.156059+01
16	admin	0001_initial	2026-02-27 22:19:14.234814+01
17	admin	0002_logentry_remove_auto_add	2026-02-27 22:19:14.264292+01
18	admin	0003_logentry_add_action_flag_choices	2026-02-27 22:19:14.282479+01
19	authtoken	0001_initial	2026-02-27 22:19:14.313522+01
20	authtoken	0002_auto_20160226_1747	2026-02-27 22:19:14.346799+01
21	authtoken	0003_tokenproxy	2026-02-27 22:19:14.351586+01
22	days_hours	0001_initial	2026-02-27 22:19:14.361532+01
23	offered_services	0001_initial	2026-02-27 22:19:14.382687+01
24	meets	0001_initial	2026-02-27 22:19:14.456588+01
25	sessions	0001_initial	2026-02-27 22:19:14.502845+01
26	authtoken	0004_alter_tokenproxy_options	2026-02-28 11:22:20.683826+01
27	meets	0002_appointment_status	2026-02-28 23:22:54.01571+01
28	meets	0003_appointment_amount_paid_appointment_payment_status	2026-03-01 14:38:35.144633+01
29	payments	0001_initial	2026-03-01 14:38:35.212734+01
\.


--
-- Data for Name: django_session; Type: TABLE DATA; Schema: public; Owner: jester
--

COPY public.django_session (session_key, session_data, expire_date) FROM stdin;
\.


--
-- Data for Name: offered_services_openinghour; Type: TABLE DATA; Schema: public; Owner: jester
--

COPY public.offered_services_openinghour (id, day_of_week, date_start, date_end, start_hour, end_hour) FROM stdin;
1	1	\N	\N	09:00:00	18:00:00
2	2	\N	\N	09:00:00	18:00:00
3	3	\N	\N	09:00:00	18:00:00
4	4	\N	\N	09:00:00	18:00:00
5	5	\N	\N	08:30:00	13:00:00
\.


--
-- Data for Name: payments_transaction; Type: TABLE DATA; Schema: public; Owner: jester
--

COPY public.payments_transaction (id, amount, type, external_reference, is_manual, stripe_intent_id, affects_wallet_balance, created_at, description, note, appointment_id, wallet_id) FROM stdin;
1	20.00	RELOAD	\N	f	pi_3T6AEaDsfh4yrCb81d2dHyJC	t	2026-03-01 14:40:37.679495+01			\N	1
\.


--
-- Data for Name: payments_wallet; Type: TABLE DATA; Schema: public; Owner: jester
--

COPY public.payments_wallet (id, balance, updated_at, user_id) FROM stdin;
1	20.00	2026-03-01 14:40:37.673417+01	1
\.


--
-- Data for Name: services; Type: TABLE DATA; Schema: public; Owner: jester
--

COPY public.services (id, name, price, duration_minutes, active) FROM stdin;
1	Taglio e Piega	45.00	60	t
2	Colore	60.00	90	t
\.


--
-- Data for Name: time_slots; Type: TABLE DATA; Schema: public; Owner: jester
--

COPY public.time_slots (id, "time", active) FROM stdin;
\.


--
-- Data for Name: users; Type: TABLE DATA; Schema: public; Owner: jester
--

COPY public.users (id, password, last_login, is_superuser, email, phone, first_name, last_name, is_active, is_staff) FROM stdin;
1	pbkdf2_sha256$1000000$pjGkEcBB3wW0w9Omvdg7Xi$VJhqu5YLuTLj0GS4a8W7+msJG3t8E7z0kc/24TMrfIc=	\N	f	user@user.us		Test	User	t	f
\.


--
-- Data for Name: users_groups; Type: TABLE DATA; Schema: public; Owner: jester
--

COPY public.users_groups (id, users_id, group_id) FROM stdin;
\.


--
-- Data for Name: users_user_permissions; Type: TABLE DATA; Schema: public; Owner: jester
--

COPY public.users_user_permissions (id, users_id, permission_id) FROM stdin;
\.


--
-- Name: appointments_id_seq; Type: SEQUENCE SET; Schema: public; Owner: jester
--

SELECT pg_catalog.setval('public.appointments_id_seq', 7, true);


--
-- Name: appointments_services_id_seq; Type: SEQUENCE SET; Schema: public; Owner: jester
--

SELECT pg_catalog.setval('public.appointments_services_id_seq', 11, true);


--
-- Name: auth_group_id_seq; Type: SEQUENCE SET; Schema: public; Owner: jester
--

SELECT pg_catalog.setval('public.auth_group_id_seq', 1, false);


--
-- Name: auth_group_permissions_id_seq; Type: SEQUENCE SET; Schema: public; Owner: jester
--

SELECT pg_catalog.setval('public.auth_group_permissions_id_seq', 1, false);


--
-- Name: auth_permission_id_seq; Type: SEQUENCE SET; Schema: public; Owner: jester
--

SELECT pg_catalog.setval('public.auth_permission_id_seq', 64, true);


--
-- Name: django_admin_log_id_seq; Type: SEQUENCE SET; Schema: public; Owner: jester
--

SELECT pg_catalog.setval('public.django_admin_log_id_seq', 1, false);


--
-- Name: django_content_type_id_seq; Type: SEQUENCE SET; Schema: public; Owner: jester
--

SELECT pg_catalog.setval('public.django_content_type_id_seq', 16, true);


--
-- Name: django_migrations_id_seq; Type: SEQUENCE SET; Schema: public; Owner: jester
--

SELECT pg_catalog.setval('public.django_migrations_id_seq', 29, true);


--
-- Name: offered_services_openinghour_id_seq; Type: SEQUENCE SET; Schema: public; Owner: jester
--

SELECT pg_catalog.setval('public.offered_services_openinghour_id_seq', 5, true);


--
-- Name: payments_transaction_id_seq; Type: SEQUENCE SET; Schema: public; Owner: jester
--

SELECT pg_catalog.setval('public.payments_transaction_id_seq', 1, true);


--
-- Name: payments_wallet_id_seq; Type: SEQUENCE SET; Schema: public; Owner: jester
--

SELECT pg_catalog.setval('public.payments_wallet_id_seq', 1, true);


--
-- Name: services_id_seq; Type: SEQUENCE SET; Schema: public; Owner: jester
--

SELECT pg_catalog.setval('public.services_id_seq', 2, true);


--
-- Name: time_slots_id_seq; Type: SEQUENCE SET; Schema: public; Owner: jester
--

SELECT pg_catalog.setval('public.time_slots_id_seq', 1, false);


--
-- Name: users_groups_id_seq; Type: SEQUENCE SET; Schema: public; Owner: jester
--

SELECT pg_catalog.setval('public.users_groups_id_seq', 1, false);


--
-- Name: users_id_seq; Type: SEQUENCE SET; Schema: public; Owner: jester
--

SELECT pg_catalog.setval('public.users_id_seq', 1, true);


--
-- Name: users_user_permissions_id_seq; Type: SEQUENCE SET; Schema: public; Owner: jester
--

SELECT pg_catalog.setval('public.users_user_permissions_id_seq', 1, false);


--
-- Name: appointments appointments_pkey; Type: CONSTRAINT; Schema: public; Owner: jester
--

ALTER TABLE ONLY public.appointments
    ADD CONSTRAINT appointments_pkey PRIMARY KEY (id);


--
-- Name: appointments_services appointments_services_appointment_id_service_id_e5ba5423_uniq; Type: CONSTRAINT; Schema: public; Owner: jester
--

ALTER TABLE ONLY public.appointments_services
    ADD CONSTRAINT appointments_services_appointment_id_service_id_e5ba5423_uniq UNIQUE (appointment_id, service_id);


--
-- Name: appointments_services appointments_services_pkey; Type: CONSTRAINT; Schema: public; Owner: jester
--

ALTER TABLE ONLY public.appointments_services
    ADD CONSTRAINT appointments_services_pkey PRIMARY KEY (id);


--
-- Name: auth_group auth_group_name_key; Type: CONSTRAINT; Schema: public; Owner: jester
--

ALTER TABLE ONLY public.auth_group
    ADD CONSTRAINT auth_group_name_key UNIQUE (name);


--
-- Name: auth_group_permissions auth_group_permissions_group_id_permission_id_0cd325b0_uniq; Type: CONSTRAINT; Schema: public; Owner: jester
--

ALTER TABLE ONLY public.auth_group_permissions
    ADD CONSTRAINT auth_group_permissions_group_id_permission_id_0cd325b0_uniq UNIQUE (group_id, permission_id);


--
-- Name: auth_group_permissions auth_group_permissions_pkey; Type: CONSTRAINT; Schema: public; Owner: jester
--

ALTER TABLE ONLY public.auth_group_permissions
    ADD CONSTRAINT auth_group_permissions_pkey PRIMARY KEY (id);


--
-- Name: auth_group auth_group_pkey; Type: CONSTRAINT; Schema: public; Owner: jester
--

ALTER TABLE ONLY public.auth_group
    ADD CONSTRAINT auth_group_pkey PRIMARY KEY (id);


--
-- Name: auth_permission auth_permission_content_type_id_codename_01ab375a_uniq; Type: CONSTRAINT; Schema: public; Owner: jester
--

ALTER TABLE ONLY public.auth_permission
    ADD CONSTRAINT auth_permission_content_type_id_codename_01ab375a_uniq UNIQUE (content_type_id, codename);


--
-- Name: auth_permission auth_permission_pkey; Type: CONSTRAINT; Schema: public; Owner: jester
--

ALTER TABLE ONLY public.auth_permission
    ADD CONSTRAINT auth_permission_pkey PRIMARY KEY (id);


--
-- Name: authtoken_token authtoken_token_pkey; Type: CONSTRAINT; Schema: public; Owner: jester
--

ALTER TABLE ONLY public.authtoken_token
    ADD CONSTRAINT authtoken_token_pkey PRIMARY KEY (key);


--
-- Name: authtoken_token authtoken_token_user_id_key; Type: CONSTRAINT; Schema: public; Owner: jester
--

ALTER TABLE ONLY public.authtoken_token
    ADD CONSTRAINT authtoken_token_user_id_key UNIQUE (user_id);


--
-- Name: django_admin_log django_admin_log_pkey; Type: CONSTRAINT; Schema: public; Owner: jester
--

ALTER TABLE ONLY public.django_admin_log
    ADD CONSTRAINT django_admin_log_pkey PRIMARY KEY (id);


--
-- Name: django_content_type django_content_type_app_label_model_76bd3d3b_uniq; Type: CONSTRAINT; Schema: public; Owner: jester
--

ALTER TABLE ONLY public.django_content_type
    ADD CONSTRAINT django_content_type_app_label_model_76bd3d3b_uniq UNIQUE (app_label, model);


--
-- Name: django_content_type django_content_type_pkey; Type: CONSTRAINT; Schema: public; Owner: jester
--

ALTER TABLE ONLY public.django_content_type
    ADD CONSTRAINT django_content_type_pkey PRIMARY KEY (id);


--
-- Name: django_migrations django_migrations_pkey; Type: CONSTRAINT; Schema: public; Owner: jester
--

ALTER TABLE ONLY public.django_migrations
    ADD CONSTRAINT django_migrations_pkey PRIMARY KEY (id);


--
-- Name: django_session django_session_pkey; Type: CONSTRAINT; Schema: public; Owner: jester
--

ALTER TABLE ONLY public.django_session
    ADD CONSTRAINT django_session_pkey PRIMARY KEY (session_key);


--
-- Name: offered_services_openinghour offered_services_openinghour_pkey; Type: CONSTRAINT; Schema: public; Owner: jester
--

ALTER TABLE ONLY public.offered_services_openinghour
    ADD CONSTRAINT offered_services_openinghour_pkey PRIMARY KEY (id);


--
-- Name: payments_transaction payments_transaction_pkey; Type: CONSTRAINT; Schema: public; Owner: jester
--

ALTER TABLE ONLY public.payments_transaction
    ADD CONSTRAINT payments_transaction_pkey PRIMARY KEY (id);


--
-- Name: payments_wallet payments_wallet_pkey; Type: CONSTRAINT; Schema: public; Owner: jester
--

ALTER TABLE ONLY public.payments_wallet
    ADD CONSTRAINT payments_wallet_pkey PRIMARY KEY (id);


--
-- Name: payments_wallet payments_wallet_user_id_key; Type: CONSTRAINT; Schema: public; Owner: jester
--

ALTER TABLE ONLY public.payments_wallet
    ADD CONSTRAINT payments_wallet_user_id_key UNIQUE (user_id);


--
-- Name: services services_pkey; Type: CONSTRAINT; Schema: public; Owner: jester
--

ALTER TABLE ONLY public.services
    ADD CONSTRAINT services_pkey PRIMARY KEY (id);


--
-- Name: time_slots time_slots_pkey; Type: CONSTRAINT; Schema: public; Owner: jester
--

ALTER TABLE ONLY public.time_slots
    ADD CONSTRAINT time_slots_pkey PRIMARY KEY (id);


--
-- Name: users users_email_key; Type: CONSTRAINT; Schema: public; Owner: jester
--

ALTER TABLE ONLY public.users
    ADD CONSTRAINT users_email_key UNIQUE (email);


--
-- Name: users_groups users_groups_pkey; Type: CONSTRAINT; Schema: public; Owner: jester
--

ALTER TABLE ONLY public.users_groups
    ADD CONSTRAINT users_groups_pkey PRIMARY KEY (id);


--
-- Name: users_groups users_groups_users_id_group_id_83a49e68_uniq; Type: CONSTRAINT; Schema: public; Owner: jester
--

ALTER TABLE ONLY public.users_groups
    ADD CONSTRAINT users_groups_users_id_group_id_83a49e68_uniq UNIQUE (users_id, group_id);


--
-- Name: users users_pkey; Type: CONSTRAINT; Schema: public; Owner: jester
--

ALTER TABLE ONLY public.users
    ADD CONSTRAINT users_pkey PRIMARY KEY (id);


--
-- Name: users_user_permissions users_user_permissions_pkey; Type: CONSTRAINT; Schema: public; Owner: jester
--

ALTER TABLE ONLY public.users_user_permissions
    ADD CONSTRAINT users_user_permissions_pkey PRIMARY KEY (id);


--
-- Name: users_user_permissions users_user_permissions_users_id_permission_id_d7a00931_uniq; Type: CONSTRAINT; Schema: public; Owner: jester
--

ALTER TABLE ONLY public.users_user_permissions
    ADD CONSTRAINT users_user_permissions_users_id_permission_id_d7a00931_uniq UNIQUE (users_id, permission_id);


--
-- Name: appointments_customer_id_d11bd911; Type: INDEX; Schema: public; Owner: jester
--

CREATE INDEX appointments_customer_id_d11bd911 ON public.appointments USING btree (customer_id);


--
-- Name: appointments_services_appointment_id_22f22977; Type: INDEX; Schema: public; Owner: jester
--

CREATE INDEX appointments_services_appointment_id_22f22977 ON public.appointments_services USING btree (appointment_id);


--
-- Name: appointments_services_service_id_66194140; Type: INDEX; Schema: public; Owner: jester
--

CREATE INDEX appointments_services_service_id_66194140 ON public.appointments_services USING btree (service_id);


--
-- Name: auth_group_name_a6ea08ec_like; Type: INDEX; Schema: public; Owner: jester
--

CREATE INDEX auth_group_name_a6ea08ec_like ON public.auth_group USING btree (name varchar_pattern_ops);


--
-- Name: auth_group_permissions_group_id_b120cbf9; Type: INDEX; Schema: public; Owner: jester
--

CREATE INDEX auth_group_permissions_group_id_b120cbf9 ON public.auth_group_permissions USING btree (group_id);


--
-- Name: auth_group_permissions_permission_id_84c5c92e; Type: INDEX; Schema: public; Owner: jester
--

CREATE INDEX auth_group_permissions_permission_id_84c5c92e ON public.auth_group_permissions USING btree (permission_id);


--
-- Name: auth_permission_content_type_id_2f476e4b; Type: INDEX; Schema: public; Owner: jester
--

CREATE INDEX auth_permission_content_type_id_2f476e4b ON public.auth_permission USING btree (content_type_id);


--
-- Name: authtoken_token_key_10f0b77e_like; Type: INDEX; Schema: public; Owner: jester
--

CREATE INDEX authtoken_token_key_10f0b77e_like ON public.authtoken_token USING btree (key varchar_pattern_ops);


--
-- Name: django_admin_log_content_type_id_c4bce8eb; Type: INDEX; Schema: public; Owner: jester
--

CREATE INDEX django_admin_log_content_type_id_c4bce8eb ON public.django_admin_log USING btree (content_type_id);


--
-- Name: django_admin_log_user_id_c564eba6; Type: INDEX; Schema: public; Owner: jester
--

CREATE INDEX django_admin_log_user_id_c564eba6 ON public.django_admin_log USING btree (user_id);


--
-- Name: django_session_expire_date_a5c62663; Type: INDEX; Schema: public; Owner: jester
--

CREATE INDEX django_session_expire_date_a5c62663 ON public.django_session USING btree (expire_date);


--
-- Name: django_session_session_key_c0390e0f_like; Type: INDEX; Schema: public; Owner: jester
--

CREATE INDEX django_session_session_key_c0390e0f_like ON public.django_session USING btree (session_key varchar_pattern_ops);


--
-- Name: payments_transaction_appointment_id_7cfb557f; Type: INDEX; Schema: public; Owner: jester
--

CREATE INDEX payments_transaction_appointment_id_7cfb557f ON public.payments_transaction USING btree (appointment_id);


--
-- Name: payments_transaction_wallet_id_114a0cfe; Type: INDEX; Schema: public; Owner: jester
--

CREATE INDEX payments_transaction_wallet_id_114a0cfe ON public.payments_transaction USING btree (wallet_id);


--
-- Name: users_email_0ea73cca_like; Type: INDEX; Schema: public; Owner: jester
--

CREATE INDEX users_email_0ea73cca_like ON public.users USING btree (email varchar_pattern_ops);


--
-- Name: users_groups_group_id_2f3517aa; Type: INDEX; Schema: public; Owner: jester
--

CREATE INDEX users_groups_group_id_2f3517aa ON public.users_groups USING btree (group_id);


--
-- Name: users_groups_users_id_1e682706; Type: INDEX; Schema: public; Owner: jester
--

CREATE INDEX users_groups_users_id_1e682706 ON public.users_groups USING btree (users_id);


--
-- Name: users_user_permissions_permission_id_6d08dcd2; Type: INDEX; Schema: public; Owner: jester
--

CREATE INDEX users_user_permissions_permission_id_6d08dcd2 ON public.users_user_permissions USING btree (permission_id);


--
-- Name: users_user_permissions_users_id_e1ed60a2; Type: INDEX; Schema: public; Owner: jester
--

CREATE INDEX users_user_permissions_users_id_e1ed60a2 ON public.users_user_permissions USING btree (users_id);


--
-- Name: appointments appointments_customer_id_d11bd911_fk_users_id; Type: FK CONSTRAINT; Schema: public; Owner: jester
--

ALTER TABLE ONLY public.appointments
    ADD CONSTRAINT appointments_customer_id_d11bd911_fk_users_id FOREIGN KEY (customer_id) REFERENCES public.users(id) DEFERRABLE INITIALLY DEFERRED;


--
-- Name: appointments_services appointments_service_appointment_id_22f22977_fk_appointme; Type: FK CONSTRAINT; Schema: public; Owner: jester
--

ALTER TABLE ONLY public.appointments_services
    ADD CONSTRAINT appointments_service_appointment_id_22f22977_fk_appointme FOREIGN KEY (appointment_id) REFERENCES public.appointments(id) DEFERRABLE INITIALLY DEFERRED;


--
-- Name: appointments_services appointments_services_service_id_66194140_fk_services_id; Type: FK CONSTRAINT; Schema: public; Owner: jester
--

ALTER TABLE ONLY public.appointments_services
    ADD CONSTRAINT appointments_services_service_id_66194140_fk_services_id FOREIGN KEY (service_id) REFERENCES public.services(id) DEFERRABLE INITIALLY DEFERRED;


--
-- Name: auth_group_permissions auth_group_permissio_permission_id_84c5c92e_fk_auth_perm; Type: FK CONSTRAINT; Schema: public; Owner: jester
--

ALTER TABLE ONLY public.auth_group_permissions
    ADD CONSTRAINT auth_group_permissio_permission_id_84c5c92e_fk_auth_perm FOREIGN KEY (permission_id) REFERENCES public.auth_permission(id) DEFERRABLE INITIALLY DEFERRED;


--
-- Name: auth_group_permissions auth_group_permissions_group_id_b120cbf9_fk_auth_group_id; Type: FK CONSTRAINT; Schema: public; Owner: jester
--

ALTER TABLE ONLY public.auth_group_permissions
    ADD CONSTRAINT auth_group_permissions_group_id_b120cbf9_fk_auth_group_id FOREIGN KEY (group_id) REFERENCES public.auth_group(id) DEFERRABLE INITIALLY DEFERRED;


--
-- Name: auth_permission auth_permission_content_type_id_2f476e4b_fk_django_co; Type: FK CONSTRAINT; Schema: public; Owner: jester
--

ALTER TABLE ONLY public.auth_permission
    ADD CONSTRAINT auth_permission_content_type_id_2f476e4b_fk_django_co FOREIGN KEY (content_type_id) REFERENCES public.django_content_type(id) DEFERRABLE INITIALLY DEFERRED;


--
-- Name: authtoken_token authtoken_token_user_id_35299eff_fk_users_id; Type: FK CONSTRAINT; Schema: public; Owner: jester
--

ALTER TABLE ONLY public.authtoken_token
    ADD CONSTRAINT authtoken_token_user_id_35299eff_fk_users_id FOREIGN KEY (user_id) REFERENCES public.users(id) DEFERRABLE INITIALLY DEFERRED;


--
-- Name: django_admin_log django_admin_log_content_type_id_c4bce8eb_fk_django_co; Type: FK CONSTRAINT; Schema: public; Owner: jester
--

ALTER TABLE ONLY public.django_admin_log
    ADD CONSTRAINT django_admin_log_content_type_id_c4bce8eb_fk_django_co FOREIGN KEY (content_type_id) REFERENCES public.django_content_type(id) DEFERRABLE INITIALLY DEFERRED;


--
-- Name: django_admin_log django_admin_log_user_id_c564eba6_fk_users_id; Type: FK CONSTRAINT; Schema: public; Owner: jester
--

ALTER TABLE ONLY public.django_admin_log
    ADD CONSTRAINT django_admin_log_user_id_c564eba6_fk_users_id FOREIGN KEY (user_id) REFERENCES public.users(id) DEFERRABLE INITIALLY DEFERRED;


--
-- Name: payments_transaction payments_transaction_appointment_id_7cfb557f_fk_appointments_id; Type: FK CONSTRAINT; Schema: public; Owner: jester
--

ALTER TABLE ONLY public.payments_transaction
    ADD CONSTRAINT payments_transaction_appointment_id_7cfb557f_fk_appointments_id FOREIGN KEY (appointment_id) REFERENCES public.appointments(id) DEFERRABLE INITIALLY DEFERRED;


--
-- Name: payments_transaction payments_transaction_wallet_id_114a0cfe_fk_payments_wallet_id; Type: FK CONSTRAINT; Schema: public; Owner: jester
--

ALTER TABLE ONLY public.payments_transaction
    ADD CONSTRAINT payments_transaction_wallet_id_114a0cfe_fk_payments_wallet_id FOREIGN KEY (wallet_id) REFERENCES public.payments_wallet(id) DEFERRABLE INITIALLY DEFERRED;


--
-- Name: payments_wallet payments_wallet_user_id_5ce859c2_fk_users_id; Type: FK CONSTRAINT; Schema: public; Owner: jester
--

ALTER TABLE ONLY public.payments_wallet
    ADD CONSTRAINT payments_wallet_user_id_5ce859c2_fk_users_id FOREIGN KEY (user_id) REFERENCES public.users(id) DEFERRABLE INITIALLY DEFERRED;


--
-- Name: users_groups users_groups_group_id_2f3517aa_fk_auth_group_id; Type: FK CONSTRAINT; Schema: public; Owner: jester
--

ALTER TABLE ONLY public.users_groups
    ADD CONSTRAINT users_groups_group_id_2f3517aa_fk_auth_group_id FOREIGN KEY (group_id) REFERENCES public.auth_group(id) DEFERRABLE INITIALLY DEFERRED;


--
-- Name: users_groups users_groups_users_id_1e682706_fk_users_id; Type: FK CONSTRAINT; Schema: public; Owner: jester
--

ALTER TABLE ONLY public.users_groups
    ADD CONSTRAINT users_groups_users_id_1e682706_fk_users_id FOREIGN KEY (users_id) REFERENCES public.users(id) DEFERRABLE INITIALLY DEFERRED;


--
-- Name: users_user_permissions users_user_permissio_permission_id_6d08dcd2_fk_auth_perm; Type: FK CONSTRAINT; Schema: public; Owner: jester
--

ALTER TABLE ONLY public.users_user_permissions
    ADD CONSTRAINT users_user_permissio_permission_id_6d08dcd2_fk_auth_perm FOREIGN KEY (permission_id) REFERENCES public.auth_permission(id) DEFERRABLE INITIALLY DEFERRED;


--
-- Name: users_user_permissions users_user_permissions_users_id_e1ed60a2_fk_users_id; Type: FK CONSTRAINT; Schema: public; Owner: jester
--

ALTER TABLE ONLY public.users_user_permissions
    ADD CONSTRAINT users_user_permissions_users_id_e1ed60a2_fk_users_id FOREIGN KEY (users_id) REFERENCES public.users(id) DEFERRABLE INITIALLY DEFERRED;


--
-- PostgreSQL database dump complete
--

\unrestrict ZRPY06fGVKWme1W8ltgyy9q4zysydNVW8kjPn1CP7LdQiMaZMTMbFvge6zgV8df

